Model,Seed,Accuracy,F1,ECE,Latency_ms
Corrected Baseline,42,0.7110880829015545,0.6105513601526443,0.0,0.009951912677349822
Corrected Baseline,43,0.7110880829015545,0.6105513601526443,0.0,0.008095558443217696
Corrected Baseline,44,0.7110880829015545,0.6105513601526443,0.0,0.007609283368204541
Corrected Baseline,45,0.7110880829015545,0.6105513601526443,0.0,0.005705245418252105
Corrected Baseline,46,0.7110880829015545,0.6105513601526443,0.0,0.00656641826728465
Improved True MOO,42,0.9960621761658031,0.9960548966323701,0.0,0.0037154261930001215
Improved True MOO,43,0.9960621761658031,0.9960548966323701,0.0,0.003030263080498098
Improved True MOO,44,0.9960621761658031,0.9960548966323701,0.0,0.002897638113387508
Improved True MOO,45,0.9960621761658031,0.9960548966323701,0.0,0.003922516817873624
Improved True MOO,46,0.9960621761658031,0.9960548966323701,0.0,0.0031316095065576427
